Date,Open,High,Low,Close,Adj Close,Volume
15-02-2019,268.850006,268.850006,261.299988,262.950012,251.650696,23366091
18-02-2019,264.399994,265.5,258.799988,259.950012,248.779617,14781744
19-02-2019,260.899994,267.5,260.299988,262.899994,251.602859,19064306
20-02-2019,264.5,268.299988,264.299988,267.700012,256.196594,15514595
21-02-2019,270.299988,271,267.299988,268,256.483704,13760702
22-02-2019,267.899994,271.899994,267.600006,270.950012,259.306915,12536918
25-02-2019,271.299988,271.399994,267.899994,270.149994,258.541321,20793897
26-02-2019,266.799988,268.200012,263.25,266.350006,254.904617,15274303
27-02-2019,268,272.700012,266.549988,267.649994,256.148743,20571652
28-02-2019,267.700012,270.799988,267.649994,269.049988,257.488556,31636468
01-03-2019,270.549988,274.600006,270.100006,272.950012,261.220978,20024726
05-03-2019,271.700012,277.850006,271.200012,276.450012,264.570587,21533972
06-03-2019,277.299988,282.549988,276.450012,278.100006,266.149689,22161376
07-03-2019,279.450012,282.5,277.649994,281.75,269.642853,14899105
08-03-2019,281.850006,284.25,279.600006,281.200012,269.116486,19943319
11-03-2019,285.299988,289,283.5,287.350006,275.002197,22931245
12-03-2019,289.200012,289.899994,285.75,286.899994,274.571533,20828136
13-03-2019,288.100006,294.399994,284.700012,293.149994,280.552948,23725641
14-03-2019,294.5,294.700012,290.75,291.899994,279.356659,16164017
15-03-2019,292.600006,301.299988,292.5,298.399994,285.577362,37928480
18-03-2019,298.899994,300.899994,294.649994,298.950012,286.10376,23782967
19-03-2019,300.149994,306.600006,299.149994,303.049988,290.027527,27218691
20-03-2019,302.799988,304.649994,300.049988,303.799988,290.7453,18820555
22-03-2019,304.299988,306.399994,296.950012,298.049988,285.242401,17865957
25-03-2019,294,295.450012,292.200012,294,281.366425,16895511
26-03-2019,294.75,305,294.75,303.5,290.458221,18303791
27-03-2019,305.25,310.850006,304.350006,308.799988,295.530457,35956450
28-03-2019,310.100006,339.649994,309.049988,319,305.292145,63244736
01-04-2019,321.799988,327.649994,321.049988,322.75,308.881042,22372357
02-04-2019,323.649994,331,322.100006,329,314.862457,27897583
03-04-2019,331,332.450012,319.5,320.5,306.727692,30552104
04-04-2019,321.5,325.75,318.299988,321.799988,307.971832,27832294
05-04-2019,323.700012,323.700012,315,317.049988,303.425964,23117232
08-04-2019,318.25,319.25,311.100006,312.799988,299.358582,17394139
09-04-2019,313.950012,315.700012,308.100006,314.75,301.224792,25556039
10-04-2019,314.850006,317.049988,310,310.899994,297.540192,19237974
11-04-2019,311,315.399994,308.700012,314.899994,301.368347,14897935
12-04-2019,314.600006,316.399994,311.200012,315.25,301.703308,14751964
15-04-2019,315.5,318.700012,313.75,315.600006,302.038269,13864791
16-04-2019,316.600006,319.399994,314.700012,315.75,302.181824,14940726
18-04-2019,315.799988,315.799988,308.049988,310.799988,297.444489,15691168
22-04-2019,308.799988,312.299988,306.350006,310.049988,296.726715,15665440
23-04-2019,310.049988,313.75,304.600006,305.25,292.133026,17324274
24-04-2019,305.850006,311.950012,303.600006,310.75,297.396667,15228591
25-04-2019,311,312,305.399994,306.200012,293.042206,30842477
26-04-2019,306.899994,313.5,306.600006,312.5,299.071472,14987906
30-04-2019,312,312,305,309.950012,296.631042,18178758
02-05-2019,308.049988,311.399994,305.649994,308.149994,294.908386,16640100
03-05-2019,309,311.799988,308.799988,310,296.678925,12452689
06-05-2019,306.799988,310.299988,305.899994,308.75,295.482605,10639216
07-05-2019,310.700012,313.399994,303.75,305.450012,292.324463,15219845
08-05-2019,303.950012,305.299988,296.75,298.25,285.433807,22103678
09-05-2019,297.600006,301,296.100006,299.299988,286.43869,12654440
10-05-2019,301.799988,310.75,292.450012,308.049988,294.812683,60739833
13-05-2019,310,314.200012,305.299988,306.899994,293.712097,40101505
14-05-2019,307.850006,316.75,305.100006,314.649994,301.129059,30521436
15-05-2019,316.200012,317.899994,311,312.100006,298.68866,27932459
16-05-2019,312.5,317.100006,309.549988,315.75,302.181824,18147559
17-05-2019,315.649994,321.950012,313.450012,319.25,305.531433,25838962
20-05-2019,332,345.799988,331,344.700012,329.887787,53207071
21-05-2019,345.899994,347.549988,336.25,337.549988,323.045044,33457162
22-05-2019,338.899994,342.600006,333.549988,341.100006,326.442505,32002499
23-05-2019,353,364,339.200012,342.200012,327.495239,74413322
24-05-2019,344.950012,357,343.5,355.350006,340.080139,35703403
27-05-2019,355.049988,362.5,354,361.700012,346.157288,31374994
28-05-2019,360.950012,361.700012,356.649994,360.049988,344.578156,23501608
29-05-2019,358,359,347.149994,348.649994,333.66806,28370210
30-05-2019,349.75,355,347.5,353.549988,338.357483,25712604
31-05-2019,354.350006,357.899994,344.649994,352.5,337.352631,32588069
03-06-2019,352.350006,356.450012,349.649994,355.450012,340.175842,18380919
04-06-2019,354,357.200012,351.399994,352.399994,337.256897,18130636
06-06-2019,349,349.600006,335.899994,336.899994,322.422974,41941144
07-06-2019,337,342.75,336,342.049988,327.351624,29739710
10-06-2019,346,347.299988,340.149994,344.299988,329.504974,20500542
11-06-2019,345.049988,348.299988,342.850006,347.100006,332.184662,16281297
12-06-2019,346.950012,346.950012,342.299988,344,329.217865,11564970
13-06-2019,343,347.450012,339.799988,346.5,331.610474,15509948
14-06-2019,345.5,346.350006,342.549988,343.799988,329.026459,10347594
17-06-2019,343.75,343.75,336.950012,337.850006,323.332153,13779496
18-06-2019,335.5,344,333.799988,340.049988,325.437592,21957480
19-06-2019,343.100006,345.200012,335.5,338.850006,324.289185,16416903
20-06-2019,341,346.25,335.600006,345.149994,330.318451,20626861
21-06-2019,344.799988,350.700012,343.149994,349.399994,334.385803,24749090
24-06-2019,350,354.75,349.649994,353.200012,338.022583,17919504
25-06-2019,352.700012,357,351.25,356.549988,341.228577,15922634
26-06-2019,355.75,359,354.299988,358.149994,342.759827,15835579
27-06-2019,358.100006,363,357.25,362.149994,346.587921,29658120
28-06-2019,362.200012,365,358.700012,361.25,345.726654,22708464
01-07-2019,362.799988,363,358.5,361.549988,346.013702,12348793
02-07-2019,362.149994,365,360.350006,364.5,348.836945,14482172
03-07-2019,365.25,366.700012,363,366.149994,350.416077,12626285
04-07-2019,367.25,370.899994,366.200012,367.399994,351.612335,19252646
05-07-2019,369.450012,373.600006,366,370.649994,354.722687,30019347
08-07-2019,368,368.450012,353.5,355.299988,340.032288,27247892
09-07-2019,353.5,360,352.5,359.5,344.051819,16579914
10-07-2019,360.549988,361.5,351.299988,354.200012,338.979584,18681819
11-07-2019,358.5,364,357,363.200012,347.592804,20048321
12-07-2019,363,366.549988,361.5,363.600006,347.975677,14661748
15-07-2019,364.100006,365,357.600006,360.049988,344.578156,15665939
16-07-2019,358.5,366,357.649994,364.350006,348.69342,16251836
17-07-2019,364.049988,373.549988,363.049988,372.399994,356.397491,17545177
18-07-2019,371.950012,373.799988,362.549988,363.649994,348.023468,21691056
19-07-2019,365.100006,366.049988,355.149994,356,340.702209,22213173
22-07-2019,356,359.549988,348.700012,350.850006,335.77356,19682038
23-07-2019,351.200012,353,341,342.200012,327.495239,27956145
24-07-2019,341.850006,344.700012,336.25,339.600006,325.006958,20823143
25-07-2019,341.700012,343.200012,337.399994,341.299988,326.633881,19857643
26-07-2019,340.799988,346.149994,340.5,342.600006,327.878052,16139052
29-07-2019,343.950012,346.549988,336.799988,343.799988,329.026459,17060483
30-07-2019,344.399994,346.700012,325.850006,327.549988,313.474731,24437235
31-07-2019,325.100006,333.200012,323.899994,332.200012,317.924957,22741445
01-08-2019,330.799988,331.5,311.350006,317.149994,303.521667,40853304
02-08-2019,315.549988,322.25,307.049988,308.450012,295.195496,64472348
05-08-2019,298.450012,302.850006,291.700012,300.25,287.3479,48815899
06-08-2019,298.799988,304.25,297.25,301.399994,288.448425,30442970
07-08-2019,302.399994,302.450012,288.799988,289.899994,277.442627,30820114
08-08-2019,290,295.5,285.600006,294.350006,281.701416,32929233
09-08-2019,296.299988,298,290.049988,291.350006,278.830322,23377581
13-08-2019,290.899994,291.549988,282.5,283.350006,271.174103,24231272
14-08-2019,285.049988,291.25,284.5,289.75,277.299042,18523649
16-08-2019,287.950012,292.799988,284.299988,290.899994,278.399658,20047399
19-08-2019,292,292.399994,286,286.850006,274.523712,19831459
20-08-2019,287.299988,287.399994,280.649994,283.700012,271.509033,23204417
21-08-2019,285.5,285.600006,276.299988,277.399994,265.479767,28226325
22-08-2019,278.299988,278.299988,267.299988,268.549988,257.01004,27728925
23-08-2019,267.100006,275.25,262.700012,271.100006,259.4505,35212444
26-08-2019,288,288,270,280.200012,268.159454,64066440
27-08-2019,284,288,282.600006,285.700012,273.423096,45164811
28-08-2019,286.649994,286.649994,282.200012,284.899994,272.657471,18979998
29-08-2019,283.200012,284.299988,273.299988,274.5,262.704376,27083514
30-08-2019,275.950012,277.950012,266.850006,273.850006,262.082336,45702652
03-09-2019,272,272,266.950012,268.399994,256.866486,21241863
04-09-2019,269.700012,275.850006,267.25,275.100006,263.278595,27309675
05-09-2019,275,276.350006,271.049988,273.299988,261.555908,25085139
06-09-2019,275.049988,277,272.100006,273.950012,262.178009,16675146
09-09-2019,273.950012,278.700012,271,278,266.053986,18616889
11-09-2019,278.5,285.850006,278.5,285.25,272.992432,20999669
12-09-2019,286.75,288.799988,284.149994,287.049988,274.715088,21964832
13-09-2019,285,292.5,282,291.700012,279.165283,27303181
16-09-2019,288.200012,290.450012,283.799988,284.700012,272.466095,18267680
17-09-2019,285,286.450012,273,273.950012,262.178009,21533362
18-09-2019,277.200012,282.950012,274.399994,280.399994,268.350861,25478758
19-09-2019,279.950012,279.950012,273.049988,274.049988,262.273712,23387797
20-09-2019,274.5,307.649994,268.399994,301.700012,288.735565,84481749
23-09-2019,307.549988,316,300.399994,313.75,300.267761,54178171
24-09-2019,313.149994,315.149994,300.799988,302.600006,289.596924,40096711
25-09-2019,297,297.5,278.700012,280.25,268.207306,73063465
26-09-2019,281.5,289.899994,277,281.850006,269.738556,79005946
27-09-2019,282.700012,286.049988,280,281.200012,269.116486,37851718
30-09-2019,281.399994,281.850006,270.149994,270.799988,259.163361,41094131
01-10-2019,272.75,275.5,245.550003,255.949997,244.951492,79350077
03-10-2019,254,260.700012,250.100006,254.149994,243.228851,56207921
04-10-2019,258.5,260.5,248.550003,249.949997,239.209335,60029186
07-10-2019,251.5,253.399994,246.850006,249.100006,238.395874,39160623
09-10-2019,250.100006,262,244.350006,260.950012,249.736664,60328507
10-10-2019,258,258,252.600006,254.149994,243.228851,37577511
11-10-2019,256.200012,261.399994,251.5,254.550003,243.611649,43272106
14-10-2019,256.950012,259.399994,254,255.449997,244.472977,28265136
15-10-2019,256.450012,259.899994,254.800003,258.450012,247.344086,23444973
16-10-2019,259.299988,261.950012,255,256.049988,245.047195,30892295
17-10-2019,256.399994,266,255.600006,265.450012,254.043304,37061013
18-10-2019,264.399994,271.350006,263.200012,269.649994,258.062775,33203721
22-10-2019,270.399994,275,268.5,270.5,258.876251,27574295
23-10-2019,270.75,277.799988,268.649994,275.450012,263.613556,31789622
24-10-2019,276,277.649994,248.649994,262.5,251.220016,63943183
25-10-2019,265.799988,284.149994,263.549988,281.549988,269.451416,105518180
27-10-2019,284.950012,284.950012,280.25,281.799988,269.690674,12183625
29-10-2019,283.149994,285,278.549988,280.649994,268.590088,51033578
30-10-2019,283,291,279.25,289.899994,277.442627,51469048
31-10-2019,293.350006,317.799988,292.75,312.399994,298.975769,128449327
01-11-2019,312.399994,315,308.600006,313.549988,300.076355,44894016
04-11-2019,316,319,312.350006,314.299988,300.794098,31535656
05-11-2019,313.899994,322,312.799988,319.200012,305.483551,50080853
06-11-2019,318.950012,318.950012,314,317.549988,303.90448,32157080
07-11-2019,318.25,323.299988,316.799988,318.149994,304.478668,33926772
08-11-2019,316.200012,321,314.5,316,302.421051,25423362
11-11-2019,314.700012,319.649994,313.100006,318.25,304.574371,20491942
13-11-2019,316.049988,318.600006,305.649994,306.799988,293.616394,32675829
14-11-2019,306.950012,309.5,299.700012,306,292.8508,43617772
15-11-2019,312,323.700012,310.049988,321.899994,308.067535,95199897
18-11-2019,324,329.850006,323.75,325.100006,311.130035,39009263
19-11-2019,325.799988,331.799988,322.100006,330.399994,316.202271,41372145
20-11-2019,332,332.5,325.100006,328.799988,314.671051,29972583
21-11-2019,329.25,332.850006,326.549988,331.350006,317.111481,34116162
22-11-2019,331.450012,333.799988,328.25,329.299988,315.149506,28974967
25-11-2019,329,337.5,328.350006,336.100006,321.657349,27561300
26-11-2019,338,340,332.600006,335.5,321.08313,36464072
27-11-2019,335.950012,345.549988,334.049988,343.549988,328.78717,33971305
28-11-2019,346.850006,351,344.5,349.299988,334.2901,42538227
29-11-2019,348.850006,348.850006,340.600006,341.850006,327.160248,23081823
02-12-2019,343.899994,344.350006,336.200012,338.5,323.954224,20648850
03-12-2019,341,342.950012,333.350006,336.25,321.800903,26482178
04-12-2019,334.100006,342.950012,331.850006,341.850006,327.160248,26789483
05-12-2019,343,344.600006,335.149994,336.200012,321.753052,30429507
06-12-2019,336.700012,337.649994,318,320,306.249176,47027528
09-12-2019,318.950012,327.649994,314.75,316.700012,303.091034,52435239
10-12-2019,317.200012,322.649994,312.25,313.399994,299.9328,52155809
11-12-2019,311.200012,315.75,308,312.799988,299.358582,52557951
12-12-2019,314,322.950012,313.549988,321.850006,308.019684,37804216
13-12-2019,325.200012,333.450012,325,332.549988,318.259888,40955226
16-12-2019,335.950012,337.25,330.799988,331.850006,317.589996,35027613
17-12-2019,333.25,335.75,330.649994,332.899994,318.594849,26734601
18-12-2019,335,335.549988,325.799988,326.950012,312.900513,26449075
19-12-2019,327.350006,329.600006,324.5,328.149994,314.048981,27516289
20-12-2019,330.350006,339.5,330.350006,337.850006,323.332153,51839714
23-12-2019,335.700012,338.850006,330.350006,332.399994,318.116333,30150335
24-12-2019,333.200012,334.200012,329.200012,331.450012,317.207153,21747782
26-12-2019,333,333.450012,328.100006,329.850006,315.675934,24616942
27-12-2019,333.399994,338.350006,333,337.25,322.757965,33477173
30-12-2019,337.75,337.850006,332.5,334.399994,320.030396,22775554
31-12-2019,334.399994,336.350006,332.549988,333.75,319.408325,23801635
01-01-2020,334.700012,335.950012,332.149994,334.450012,320.078278,17379320
02-01-2020,334.5,339.850006,333.350006,339.299988,324.719818,20324236
03-01-2020,337.950012,337.950012,332,333.700012,319.360504,21853208
06-01-2020,331.700012,331.700012,317.700012,319,305.292145,35645325
07-01-2020,324.450012,327,315.399994,318.399994,304.717957,50966826
08-01-2020,312.100006,321.5,311,319.799988,306.05777,44527485
09-01-2020,326.899994,331.399994,325,330.200012,316.010895,40348407
10-01-2020,331,337.950012,328.100006,332.25,317.972809,42377838
13-01-2020,334,335.450012,329.049988,330.75,316.537262,23615129
14-01-2020,329.799988,331.700012,326.5,328,313.905426,26296117
15-01-2020,329,329.200012,322.350006,324.25,310.316559,32625740
16-01-2020,324,326.899994,322.350006,323.299988,309.407379,26653623
17-01-2020,313,323.5,310.100006,318,304.335144,58396326
20-01-2020,321,321.450012,313.399994,314,300.506989,30682902
21-01-2020,313.799988,316.950012,312,313.700012,300.21994,30591772
22-01-2020,317,317,313.700012,316.149994,302.564606,24994911
23-01-2020,316,324.799988,314.149994,323.200012,309.311707,33293610
24-01-2020,323.5,327.299988,321.149994,324.049988,310.125153,22706879
27-01-2020,320.899994,322,315.799988,316.200012,302.612518,23309355
28-01-2020,317.950012,320,311.049988,315.100006,301.559753,26488426
29-01-2020,317.850006,319.700012,315.549988,316.450012,302.851746,23914114
30-01-2020,316.75,316.75,305.649994,310.700012,297.348816,35802330
31-01-2020,313.700012,321.700012,308.600006,318.450012,304.765808,92656638
03-02-2020,303,306.850006,295.350006,298.100006,285.290283,56060158
04-02-2020,302.899994,307.549988,297.100006,306.25,293.090027,51141567
05-02-2020,306.899994,313.649994,304.600006,311,297.635925,35014841
06-02-2020,311.200012,323.5,310.100006,321.950012,308.115387,57757656
07-02-2020,321.5,325,318.399994,320.549988,306.775543,37126803
10-02-2020,319.799988,322.799988,316.5,318.5,304.813629,24816396
11-02-2020,321.049988,325.799988,321.049988,324.350006,310.412262,30188757
12-02-2020,329.899994,329.899994,319.25,320.200012,306.440582,38930849
13-02-2020,322,330.950012,322,327.450012,313.379059,62516057
14-02-2020,328.100006,331.899994,318.549988,319.399994,305.674957,48205947
17-02-2020,320.950012,321.149994,311.649994,314.200012,300.698425,36950692
18-02-2020,315.399994,319.200012,309.399994,317.549988,303.90448,38588583
19-02-2020,322.299988,324,317.25,320.350006,306.584167,39846727
20-02-2020,319.350006,329.200012,318.75,327.649994,313.570465,40150409
24-02-2020,325.75,331.299988,321.850006,322.950012,309.072449,45273936
25-02-2020,325.899994,328.149994,322.200012,326.799988,312.756989,39050709
26-02-2020,324.850006,330.799988,324.200012,328.200012,314.096832,43915281
27-02-2020,328,330,318,321.950012,308.115387,47010040
28-02-2020,312,314.649994,301.100006,303,289.979706,59705346
02-03-2020,311,312,284.049988,287.399994,275.050049,66711413
03-03-2020,293,294.399994,285.299988,289.850006,277.394775,61949382
04-03-2020,291.799988,293,275.100006,285.299988,273.040283,73675736
05-03-2020,290.899994,298.399994,270,288.5,276.102783,149245973
06-03-2020,268,274.399994,253.949997,270.5,258.876251,106043172
09-03-2020,260.049988,262.75,251.149994,253.449997,242.558929,101286241
11-03-2020,253,258.5,243.100006,245.100006,234.567749,90845604
12-03-2020,231.899994,231.899994,208.600006,212.600006,203.46431,99767083
13-03-2020,200,248.800003,184.649994,242,231.600952,155701316
16-03-2020,227.899994,231.399994,220.600006,223.350006,213.752365,75583409
17-03-2020,227.199997,229.899994,212.050003,215.149994,205.904709,65403057
18-03-2020,221,223.149994,200.100006,215.199997,205.952576,101356399
19-03-2020,202.949997,219.75,198.149994,203.649994,194.898895,93533467
20-03-2020,205.550003,215.699997,200,209.850006,200.832474,77391650
23-03-2020,190,199.5,180.25,181.600006,173.796402,61750037
24-03-2020,190.949997,191.949997,173.550003,183.199997,175.327652,67491360
25-03-2020,178,195.25,176.449997,189.899994,181.739746,71567553
26-03-2020,191.550003,201,185.100006,192.75,184.467285,107260359
27-03-2020,202,211.899994,195,195.949997,187.52977,114740377
30-03-2020,190,195,186.25,186.899994,178.868652,60081554
31-03-2020,192,198.5,188.050003,196.850006,188.391113,59543412
01-04-2020,194,194.5,185.25,186.550003,178.533707,52954239
03-04-2020,187.550003,188.199997,175,175.5,167.958542,64448494
07-04-2020,184.399994,187.300003,177.600006,186.399994,178.390137,72130500
08-04-2020,182.899994,194.399994,180.449997,183,175.136261,80435759
09-04-2020,188,190,183.600006,187.75,179.682144,62416005
13-04-2020,186.800003,188.699997,183.100006,183.5,175.614777,51847146
15-04-2020,187,191.949997,180.149994,182.350006,174.514191,72190004
16-04-2020,182,189.899994,180.25,188.5,180.399918,61165773
17-04-2020,196,198,186.300003,193.25,184.945801,89851063
20-04-2020,194,197.350006,190.050003,192.5,184.228027,81958510
21-04-2020,188,188.199997,183,184.75,176.81105,53042420
22-04-2020,185.5,189.5,181.350006,188.699997,180.591324,61503413
23-04-2020,187.75,189.899994,185.149994,186.699997,178.677261,50955312
24-04-2020,184,184,179,179.75,172.025909,65137305
27-04-2020,183.5,183.5,180.5,180.899994,173.126495,42996571
28-04-2020,182,185.350006,181.199997,184.300003,176.380402,49590230
29-04-2020,185,191.800003,183.5,190.100006,181.931168,57470466
30-04-2020,193.5,195.899994,189.699997,190.5,182.313965,63063889
04-05-2020,182.449997,183.5,178,178.850006,171.164581,58118177
05-05-2020,181,181.25,168.800003,170.399994,163.077682,91050439
06-05-2020,171.149994,173.300003,166.550003,171.100006,163.74762,73156432
07-05-2020,170.850006,172.550003,168.800003,170.75,163.412659,42942399
08-05-2020,172.449997,173.800003,166.100006,166.649994,159.488831,55932236
11-05-2020,167.949997,168.899994,165,165.449997,158.340393,54591827
12-05-2020,164.199997,168.5,160.850006,166.899994,159.728088,70752542
13-05-2020,178.550003,178.550003,170.5,174.100006,166.618713,81720683
14-05-2020,170.949997,171.75,167.5,167.949997,160.732971,48136531
15-05-2020,167.949997,168.25,164.699997,166.399994,159.249557,35495540
18-05-2020,166.399994,166.399994,155,155.300003,148.626556,77349435
19-05-2020,157.5,157.850006,152.399994,152.800003,146.233978,71522334
20-05-2020,153,155.25,151.149994,153.399994,146.808197,66168767
21-05-2020,153.649994,156.149994,151.5,151.949997,145.420502,61147471
22-05-2020,152,155.600006,149.449997,150.850006,144.367783,87064198
26-05-2020,152.399994,153.199997,150.199997,151.399994,144.89415,48275988
27-05-2020,151.949997,160.800003,150.800003,158.600006,151.784744,88195120
28-05-2020,159.449997,162.399994,156.699997,158.199997,151.401947,76968678
29-05-2020,156.100006,161.899994,155.199997,161.300003,154.368729,58363280
01-06-2020,164,171.399994,163.350006,170.050003,162.742737,92740893
02-06-2020,169.899994,171.300003,167.199997,170.25,162.934143,70419104
03-06-2020,172.5,179.899994,172,174.899994,167.384308,113168889
04-06-2020,174.899994,177.649994,171.5,174.050003,166.570847,83494674
05-06-2020,176.550003,189.800003,176,187.800003,179.729996,201321234
08-06-2020,197,197.5,185.800003,186.800003,178.772964,151741826
09-06-2020,187.699997,191,183.350006,184.449997,176.523941,96654191
10-06-2020,184.550003,189,183.800003,187.699997,179.634293,67333317
11-06-2020,188,190.399994,176.350006,177.149994,169.537628,91726802
12-06-2020,170,180,169.800003,179.149994,171.451691,92758901
15-06-2020,177.850006,177.850006,172,173.699997,166.235886,63613412
16-06-2020,178,178.949997,169.399994,172.899994,165.470261,63925976
17-06-2020,171,176.199997,169.25,172.949997,165.518112,73866905
18-06-2020,172.399994,180.649994,171.100006,179.649994,171.930206,58261857
19-06-2020,180.300003,184.949997,179.5,184.5,176.571808,76895151
22-06-2020,185,191.75,184.25,187.699997,179.634293,80023958
23-06-2020,189.600006,193.100006,187.850006,192.449997,184.180161,65487085
24-06-2020,194.800003,194.899994,183.899994,184.600006,176.667511,74668987
25-06-2020,182.199997,186.800003,180.399994,185.25,177.289581,73620385
26-06-2020,188,188.600006,183.800003,184.600006,176.667511,49176958
29-06-2020,183,183.100006,178.5,179.25,171.547394,50966428
30-06-2020,181.100006,182.899994,177.25,178.449997,170.781784,43613239
01-07-2020,179.449997,185.399994,178.600006,184.800003,176.858902,54012853
02-07-2020,185.649994,188,184,185.449997,177.480972,52127276
03-07-2020,186.649994,186.850006,183.399994,184.699997,176.763199,38048810
06-07-2020,186.600006,189.850006,186.149994,188.050003,179.969254,43773740
07-07-2020,187,189.199997,184.050003,188.600006,180.495636,55124494
08-07-2020,188.899994,197.449997,188.399994,191.899994,183.653809,143063102
09-07-2020,192.800003,201,192.550003,199.100006,190.544418,89539723
10-07-2020,198,202.5,194.800003,195.600006,187.194824,111406477
13-07-2020,198.800003,199.800003,191.600006,192.699997,184.419434,61949761
14-07-2020,192.300003,192.300003,184.600006,186.050003,178.055191,62239932
15-07-2020,187.949997,189.949997,183,183.800003,175.901871,58527305
16-07-2020,185,186.949997,181.649994,186.25,178.246597,46546803
17-07-2020,186.800003,189.5,185,188.199997,180.112793,47035238
20-07-2020,190,193.25,188.75,190.75,182.553223,45672856
21-07-2020,192.449997,196.199997,191.5,194.399994,186.046387,59281860
22-07-2020,195.699997,196.75,190.100006,192,183.749512,62276152
23-07-2020,192.399994,199.100006,191.149994,198.25,189.730927,70801412
24-07-2020,195.699997,196.300003,190.649994,191.949997,183.70166,65265493
27-07-2020,193,193.199997,186.5,187.149994,179.10791,50697767
28-07-2020,188,190.5,185.75,189.449997,181.309097,51488617
29-07-2020,187.600006,195.25,187,191.199997,182.983887,73763368
30-07-2020,192.5,193.5,186.050003,186.550003,178.533707,48472816
31-07-2020,188,194.850006,186.699997,191.449997,183.223129,145892485
03-08-2020,192,194.600006,190.050003,192.25,183.98877,72454278
04-08-2020,193.350006,193.800003,190.5,191.600006,183.366699,43866676
05-08-2020,192.75,196.850006,191,191.449997,183.223129,68888892
06-08-2020,192.300003,194.5,190.25,190.949997,182.744629,59740172
07-08-2020,191.449997,192.100006,189.550003,190.649994,182.45752,44822338
10-08-2020,191.850006,195.5,191.699997,193.800003,185.472168,48784530
11-08-2020,195,196.800003,193.75,195.050003,186.668442,43890305
12-08-2020,196,204.25,194.600006,203.300003,194.563934,157818228
13-08-2020,205.5,207.300003,200.75,201.899994,193.224106,70443118
14-08-2020,203,204,194.600006,196.5,188.056152,56169088
17-08-2020,198.449997,198.649994,191.5,193.100006,184.802246,54787889
18-08-2020,193.800003,195.75,191.699997,195.100006,186.716309,46294169
19-08-2020,196.399994,200.300003,195.899994,197.050003,188.58252,59296062
20-08-2020,194,196.350006,193.25,194.75,186.381348,37504602
21-08-2020,199,201.5,197.649994,198.399994,189.874481,68041871
24-08-2020,200,202.800003,198.600006,201.449997,192.793427,53850253
25-08-2020,204,208.449997,202.699997,207.949997,199.01413,105394375
26-08-2020,208.5,210.350006,206.149994,209.850006,200.832474,66749637
27-08-2020,210.5,216.5,210.5,215.649994,206.383224,80997993
28-08-2020,217,225.899994,216.800003,224.850006,215.187912,95974037
31-08-2020,231.550003,231.550003,210.350006,212,202.890091,119986476
01-09-2020,213.100006,218.899994,211.199997,218.100006,208.727982,75048313
02-09-2020,218.25,219,212.300003,216.25,206.957474,47608088
03-09-2020,217.5,218.25,212.300003,213.149994,203.990677,38594129
04-09-2020,210,212.300003,205.899994,206.600006,197.722137,54435758
07-09-2020,207.5,209.649994,205.399994,207.899994,198.966263,35687359
08-09-2020,207.899994,208.5,202.899994,204.050003,195.281708,34146789
09-09-2020,201.100006,201.399994,192.5,194.850006,186.477051,72715826
10-09-2020,197.699997,201.449997,195.199997,198.149994,189.635223,67789617
11-09-2020,198.550003,203.850006,197,202.699997,193.989716,48487971
14-09-2020,205.899994,206.199997,197.350006,198.5,189.9702,63605531
15-09-2020,199.899994,201,197.100006,200.149994,191.549286,51761038
16-09-2020,199.850006,200.050003,196.25,198.199997,189.68309,52404964
17-09-2020,197,198,195,195.449997,187.051254,41223296
18-09-2020,196,197.199997,189.699997,192.600006,184.323746,55286316
21-09-2020,193.050003,193.5,184.25,185.800003,177.815933,57611375
22-09-2020,186.149994,188.300003,181.149994,186.199997,178.198746,51210889
23-09-2020,188.149994,188.949997,181,183.800003,175.901871,44320497
24-09-2020,181.100006,181.800003,175.5,176.350006,168.772018,46114798
25-09-2020,179,182.75,176.149994,182.199997,174.370621,46550127
28-09-2020,184,188.149994,183.350006,187.25,179.203613,41921548
29-09-2020,188.5,188.949997,183.25,185.050003,177.098175,35688726
30-09-2020,185.050003,186.800003,182.399994,185.399994,177.433105,37641083
01-10-2020,187,191.199997,186.899994,190.300003,182.122574,43588724
05-10-2020,192,193.800003,187.050003,188.75,180.63916,41694686
06-10-2020,191.100006,192.100006,188.300003,191.600006,183.366699,31098726
07-10-2020,192.550003,193.149994,189.100006,190.699997,182.505371,34578053
08-10-2020,191.350006,195.800003,190.550003,191.5,183.270996,43351606
09-10-2020,192,198.800003,190.550003,198.300003,189.778793,64907230
12-10-2020,199.699997,205.949997,197.25,198.699997,190.161606,69122798
13-10-2020,198.649994,200,195.100006,195.699997,187.290512,34948525
14-10-2020,194.050003,200.899994,193.050003,200.050003,191.453598,40548275
15-10-2020,201,202.5,192,192.850006,184.562988,49184123
16-10-2020,194,196.75,191.600006,195.949997,187.52977,36893126
19-10-2020,196.199997,204.600006,196.050003,204,195.233856,60220779
20-10-2020,201,204.350006,200.699997,203.050003,194.324677,39316753
21-10-2020,204.699997,207.300003,198.850006,203.75,194.994614,54515523
22-10-2020,201.899994,204.600006,201.100006,203.300003,194.563934,33721637
23-10-2020,204,205.600006,201.550003,202.800003,194.085434,32707020
26-10-2020,202.699997,204,195.600006,196.699997,188.247543,45470123
27-10-2020,197.25,197.550003,192.25,194.649994,186.285645,37794381
28-10-2020,195,195,189.050003,190.449997,182.266129,46458319
29-10-2020,189.350006,190.699997,185.899994,188.699997,180.591324,44822673
30-10-2020,189.350006,192,186.149994,189.25,181.117691,41519686
02-11-2020,192.199997,197.25,190.050003,196.050003,187.625488,52600119
03-11-2020,198,205.800003,197.600006,204.75,195.95163,69890201
04-11-2020,203.5,209,198.050003,207,198.104935,117577856
05-11-2020,216,221,214.75,218.649994,209.254318,138023646
06-11-2020,219,221.850006,217.050003,219.199997,209.780701,73147085
09-11-2020,222.5,222.649994,217.050003,219.5,210.067795,60359458
10-11-2020,223.100006,235,223,231.699997,221.743546,135294550
11-11-2020,232.75,239.350006,227.75,234.199997,224.136124,107094861
12-11-2020,233.199997,233.350006,225.649994,226.800003,217.054108,58859905
13-11-2020,225,230.649994,220.100006,229.449997,219.59024,70676525
14-11-2020,232,232.899994,227.75,229.649994,219.781631,7753219
17-11-2020,231.850006,241.600006,231,240.199997,229.878296,80501583
18-11-2020,239.399994,253,237.899994,252,241.171234,104514060
19-11-2020,248,251.800003,239,239.75,229.447617,82284278
20-11-2020,241.5,245.399994,233.949997,242.75,232.318726,84411129
23-11-2020,243.5,246.149994,238.100006,238.699997,228.442749,57538324
24-11-2020,240.5,245,239.5,243.850006,233.371445,47636611
25-11-2020,245.449997,249.899994,241.600006,243,232.557968,74767232
26-11-2020,244,246.25,240.149994,245.449997,234.902695,64248318
27-11-2020,245.449997,246.25,242.050003,244.25,233.754272,54355703
01-12-2020,245,248.949997,244.25,248.050003,237.390976,37003272
02-12-2020,248.350006,250.850006,244.100006,246.949997,236.338242,56723083
03-12-2020,249.300003,259,248,256.299988,245.286438,79266442
04-12-2020,257,264.350006,253.550003,263.5,252.177078,79252024
07-12-2020,263.799988,271.450012,263,269.600006,258.014954,76053084
08-12-2020,270.950012,273.700012,265.25,271.899994,260.216095,65617502
09-12-2020,272.100006,274.899994,269.200012,270.350006,258.732727,48495641
10-12-2020,269,271,265.549988,269.549988,257.967072,38676657
11-12-2020,270.049988,276.25,270.049988,272.450012,260.742462,50255223
14-12-2020,274,276.149994,272.350006,274.200012,262.417297,31946501
15-12-2020,274.049988,274.049988,268.149994,270.649994,259.019806,34890948
16-12-2020,272.799988,273.649994,268.5,269.399994,257.823547,24844177
17-12-2020,270,272.149994,266.700012,267.700012,256.196594,25904699
18-12-2020,267.700012,271.950012,265,271.450012,259.785461,29816205
21-12-2020,268.450012,269,251.050003,254.699997,243.755203,55160758
22-12-2020,254.800003,258.700012,248.25,257.450012,246.387054,51189571
23-12-2020,256.950012,263.899994,255.600006,263,251.698547,29056404
24-12-2020,265,268.850006,264.649994,266.850006,255.383118,28585509
28-12-2020,268.75,276,268,275.200012,263.374329,36870242
29-12-2020,276.299988,279.899994,274.700012,277.899994,265.958282,45032526
30-12-2020,278,278.700012,272.5,276.899994,265.001251,30971894
31-12-2020,275,277.25,272.600006,274.950012,263.135071,29467966
01-01-2021,274.899994,280,274.399994,279.399994,267.393829,24531791
04-01-2021,281.850006,283.899994,277.75,281.049988,268.9729,31450608
05-01-2021,278.049988,282.450012,277,281.75,269.642853,27393072
06-01-2021,283,289.149994,281.399994,285.049988,272.801025,40765708
07-01-2021,289,291.799988,287,287.700012,275.337189,30546600
08-01-2021,290.100006,291.399994,285.200012,286,273.710236,32543357
11-01-2021,288,288.200012,279.600006,282.5,270.360626,29703173
12-01-2021,280,293.850006,277.899994,292.5,279.930939,44307145
13-01-2021,296,308,294.5,306.799988,293.616394,78042133
14-01-2021,306.700012,309.25,303.799988,307.25,294.047058,40123498
15-01-2021,306.799988,310.899994,301.299988,303.850006,290.793182,35307601
18-01-2021,303.5,308.649994,292.200012,294.450012,281.797119,54969750
19-01-2021,297.649994,302.5,296.399994,298.600006,285.768768,35803901
20-01-2021,298.799988,304.700012,296.850006,302.549988,289.549011,33759304
21-01-2021,304,305.149994,291.5,294.850006,282.179901,29995203
22-01-2021,295.5,298,282.399994,283.700012,271.509033,44440810
25-01-2021,284.5,288,277.049988,280.950012,268.877228,34034630
27-01-2021,280.200012,284.850006,272.700012,275.649994,263.804962,39211107
28-01-2021,271.899994,283.350006,269.5,282.350006,270.217072,48717297
29-01-2021,285.600006,290.649994,279.100006,282.100006,269.977814,42300984
01-02-2021,285.100006,313.899994,282.75,310.700012,297.348816,103414068
02-02-2021,315,337.399994,315,333.100006,318.786285,121434166
03-02-2021,333.75,339.899994,325.799988,335.950012,321.513824,66420168
04-02-2021,334.399994,358,331.100006,355.100006,339.840912,145203439
05-02-2021,387,408.350006,385.149994,393.100006,376.207977,214955688
08-02-2021,398,407.799988,394.75,397.049988,379.988251,79389205
09-02-2021,396.75,403.5,389,394.799988,377.8349,63869990
10-02-2021,394.049988,397.899994,388,392.25,375.394501,54163507
11-02-2021,391.799988,396.950012,388.25,390.149994,373.384766,36392708
12-02-2021,391,399.350006,385.549988,393.149994,376.255829,53589755
15-02-2021,397.5,409.450012,395.700012,406.950012,389.46286,56608937
16-02-2021,412,415.75,400.299988,402.350006,385.060486,80365431
17-02-2021,403,414.850006,400.149994,411.75,394.05658,74161370
18-02-2021,425.049988,427.700012,413.700012,415.200012,397.358337,67154539
19-02-2021,415,415,395,399.549988,382.380829,66155518
22-02-2021,400.600006,401,385.649994,389.5,372.762695,52535049
23-02-2021,392,399.700012,389,395.600006,378.600586,45462768
24-02-2021,397,410.5,395.200012,406.25,388.792908,39632090
25-02-2021,411,414.899994,406.549988,407.25,389.749939,46988836
26-02-2021,399.5,401,387,390.149994,373.384766,64450414
01-03-2021,395.100006,397.700012,391,394.950012,377.978516,29677890
02-03-2021,395,399.549988,390.549988,394.200012,377.260742,30534337
03-03-2021,396.5,408.899994,396,405.049988,387.64447,46268223
04-03-2021,398.700012,403.5,394.450012,395.649994,378.648376,43603653
05-03-2021,395,395,378.100006,383.649994,367.164063,72179228
08-03-2021,388.450012,393.399994,386.049988,389.600006,372.858368,39147858
09-03-2021,393.450012,394.899994,382.25,387.600006,370.944336,28054083
10-03-2021,391.100006,393,385.700012,387.700012,371.040039,22677399
12-03-2021,391.700012,393.200012,377.5,381.100006,364.723663,35336355
15-03-2021,382.5,386,369.350006,383.899994,367.40332,42722585
16-03-2021,385.600006,387.850006,376.100006,378.549988,362.283203,38196452
17-03-2021,378.200012,379.649994,366.049988,368.149994,352.330139,33143064
18-03-2021,371.5,375,361.100006,367.100006,351.325226,39405038
19-03-2021,363.950012,372.899994,357.25,371.149994,355.201233,60309145
22-03-2021,372,372.799988,363.5,367,351.229553,28461974
23-03-2021,368.700012,377.950012,367.049988,372.700012,356.684631,41032380
24-03-2021,368.5,369.049988,358.649994,359.850006,344.38678,42318999
25-03-2021,360,360.850006,345.200012,355.200012,339.936615,57495003
26-03-2021,360,362,354.549988,357.200012,341.850677,40718848
30-03-2021,360.100006,364.299988,356.299988,360.799988,345.295959,39405124
31-03-2021,360.299988,367.850006,357.950012,364.299988,348.645538,38651025
01-04-2021,367.700012,371.899994,363.100006,370.649994,354.722687,31883453
05-04-2021,367.5,369.200012,349.049988,353.549988,338.357483,51743981
06-04-2021,355.700012,357,349.299988,350.549988,335.486389,44147709
07-04-2021,351.25,363.200012,347.600006,358.549988,343.142639,48023602
08-04-2021,361,363.299988,354.299988,355.600006,340.319427,33370259
09-04-2021,354.399994,364.5,351.200012,353,337.831146,46473100
12-04-2021,344,344,322.549988,328.850006,314.718903,75501713
13-04-2021,332,342.25,330.5,341,326.346771,49773360
15-04-2021,342.100006,347.549988,336.100006,342.700012,327.973724,52992349
16-04-2021,343,345.5,338.649994,339.899994,325.294067,37766793
19-04-2021,327.149994,332.049988,321.299988,331.149994,316.920044,53304377
20-04-2021,335.100006,339.899994,326.700012,329.5,315.340942,41296147
22-04-2021,326,337.649994,323.299988,336.649994,322.183685,49105833
23-04-2021,331.649994,339.899994,331.649994,336.450012,321.99231,44223940
26-04-2021,339.25,347.450012,339.25,344.299988,329.504974,49234985
27-04-2021,344,354.950012,342.399994,353.049988,337.878967,46003023
28-04-2021,357,364.299988,356.049988,363.399994,347.784241,56696255
29-04-2021,365,369.950012,355.5,359.399994,343.956116,63692926
30-04-2021,353.450012,362.5,350.450012,353.5,338.309631,53832840
03-05-2021,349.600006,352.5,341.399994,350.600006,335.534271,43691860
04-05-2021,355,362.899994,350.200012,351.5,336.39563,57749307
05-05-2021,356.5,357.450012,348,355.399994,340.128021,40872501
06-05-2021,358,359.350006,350.549988,355.549988,340.271545,36294427
07-05-2021,357.5,362,353,358.25,342.85553,38357618
10-05-2021,360.5,367,358.799988,361.700012,346.157288,41739324
11-05-2021,356.850006,366.399994,354.75,364.649994,348.98053,41892770
12-05-2021,362.799988,373.5,361.899994,367.700012,351.899475,53436590
14-05-2021,370,372.5,359.549988,360.450012,344.960999,51722170
17-05-2021,364.399994,385.200012,363.649994,383.100006,366.637695,106555796
18-05-2021,390,392.549988,380.049988,382.25,365.824219,70917710
19-05-2021,382,389.5,381.200012,384.399994,367.881805,48189573
20-05-2021,387,387.799988,382,384.549988,368.025391,42898608
21-05-2021,390,404.399994,378,401.200012,383.95993,192810772
24-05-2021,417,419.200012,405.299988,412.049988,394.343658,142964052
25-05-2021,415.100006,415.5,408.5,412.350006,394.630798,56048127
26-05-2021,413.799988,418.75,410.799988,413.549988,395.779236,52357719
27-05-2021,413.700012,429.100006,412,425.200012,406.928619,73392997
28-05-2021,430.5,433.649994,420.049988,422.049988,403.91394,65137568
31-05-2021,421,426,418,424.350006,406.115143,38291043
01-06-2021,426.049988,435.350006,425.600006,432.549988,413.962769,59299647
02-06-2021,430.799988,437.950012,429.149994,437.25,418.460815,38657806
03-06-2021,437,441.950012,433.5,439.649994,424.642334,38909199
04-06-2021,437.5,441.899994,431.75,433.600006,418.798859,36898769
07-06-2021,435.100006,437.399994,430.799988,432.25,417.494934,20201197
08-06-2021,432.25,432.5,424,427.200012,412.61731,31113823
09-06-2021,427.5,432.299988,418.200012,421.450012,407.063599,27784834
10-06-2021,424.899994,433.299988,422.399994,432.25,417.494934,27397712
11-06-2021,434.850006,435.5,425.25,429.600006,414.935394,26831924
14-06-2021,427,432.450012,416.700012,430.350006,415.65979,30106015
15-06-2021,429.200012,432.799988,428,429.5,414.838806,16413658
16-06-2021,428,432.75,425,425.950012,411.410004,19701175
17-06-2021,421,425.950012,416.600006,420.25,405.904572,23048331
18-06-2021,423.899994,423.899994,402.649994,412.899994,398.80545,45748727
21-06-2021,406.350006,421,400.5,419.75,405.421631,33128978
22-06-2021,423,425.450012,417.299988,418.649994,404.359161,28442965
23-06-2021,421.100006,424.75,415,418.850006,404.552338,27564829
24-06-2021,420.350006,422.75,416.299988,417.200012,402.958679,19214547
25-06-2021,421,431,419.049988,428.799988,414.162689,29886797
28-06-2021,430.700012,433.149994,424.549988,426.75,412.182648,29370660
29-06-2021,427.5,428.950012,420.549988,421.5,407.111908,22275961
30-06-2021,423,424.899994,418.299988,419.200012,404.890411,18337773
01-07-2021,420.299988,423.700012,417.149994,420.399994,406.049438,16161469
02-07-2021,420.299988,425.399994,419,424.399994,409.912872,16423811
05-07-2021,426.5,434.5,424.25,432.649994,417.881256,16483761
06-07-2021,431.700012,436.5,428.200012,429.75,415.080292,20195278
07-07-2021,429.350006,434,427.549988,432.850006,418.074432,14473774
08-07-2021,432.799988,435.399994,422.100006,424.450012,409.961182,21433043
09-07-2021,425,427.5,421.049988,423.75,409.285065,16844494
12-07-2021,426.5,430.25,424.600006,427.450012,412.858795,12886781
13-07-2021,430,431.799988,428.299988,429.100006,414.452484,12831125
14-07-2021,429,432.299988,426.399994,431.049988,416.335907,12767351
15-07-2021,432.700012,432.950012,429.649994,431.700012,416.963715,11030732
16-07-2021,432,432.5,427.450012,430,415.321716,8713863
19-07-2021,423.399994,429.450012,418.850006,427.899994,413.293396,14426686
20-07-2021,427,427,418.899994,420.899994,406.532379,14623321
22-07-2021,425.549988,426.700012,420.899994,422.049988,407.643097,11799761
23-07-2021,422.899994,429.950012,419.5,428.899994,414.259277,17704661
26-07-2021,427.799988,427.799988,422.299988,423.299988,408.850403,14037519
27-07-2021,424.149994,433.25,424,429.950012,415.273468,24119619
28-07-2021,430,430.5,421.049988,425.5,410.975342,17636515
29-07-2021,426,443.600006,425.5,441.549988,426.477448,35263606
30-07-2021,441.5,444.399994,430.700012,431.799988,417.060272,35196813
02-08-2021,434.75,436.700012,431.799988,434.899994,420.054474,16926025
03-08-2021,434.950012,447.899994,433.600006,446.5,431.258484,40922962
04-08-2021,448.649994,467.450012,441.5,456.950012,441.351807,129761158
05-08-2021,461,462.5,438.399994,441.850006,426.767242,58595639
06-08-2021,443.700012,447,434,435.649994,420.778839,38236066
09-08-2021,437.899994,441.799988,431,433.399994,418.605682,22196404
10-08-2021,434.399994,436.399994,421.700012,426.450012,411.892944,27794251
11-08-2021,429.799988,432.899994,423.149994,428.049988,413.438263,23827946
12-08-2021,430,430.450012,425,427.149994,412.569031,16847144
13-08-2021,427.600006,432.25,425,431.200012,416.480774,20908992
16-08-2021,430,434,424,424.850006,410.347534,17608693
17-08-2021,424.850006,425.850006,415.25,421.5,407.111908,22957877
18-08-2021,422.149994,424.350006,418,419.700012,405.373352,17668574
20-08-2021,415,417.350006,405.149994,406.700012,392.817108,25541790
23-08-2021,411.100006,413,401.25,409.5,395.521515,26559937
24-08-2021,409.5,418.75,408.200012,417.600006,403.345032,19012313
25-08-2021,419,421.299988,414.299988,416.25,402.041107,16410980
26-08-2021,414.5,415.799988,410,410.75,396.728821,15897679
27-08-2021,410.350006,414.350006,407.5,412.450012,398.37085,15090541
30-08-2021,414.399994,423.299988,413.5,422.700012,408.270935,20308691
31-08-2021,423.850006,427,418.700012,426.049988,411.506561,26262421
01-09-2021,427.5,432.549988,425.149994,429.899994,415.225159,18776721
02-09-2021,431.399994,433.5,427.75,429.75,415.080292,14372717
03-09-2021,431.25,434.299988,428.200012,431.399994,416.67395,14233624
06-09-2021,432,433.850006,430.049988,431.049988,416.335907,10694099
07-09-2021,431.049988,431.700012,425.100006,429.100006,414.452484,14928735
08-09-2021,429,435.399994,427.350006,431.350006,416.625641,22817464
09-09-2021,430.25,433.799988,430,432.299988,417.543213,9662128
13-09-2021,430.100006,433.799988,428.799988,432.850006,418.074432,9567921
14-09-2021,435,436.75,432.25,433,418.21933,9981562
15-09-2021,433,445,431.450012,443.850006,428.698944,22181568
16-09-2021,444.850006,466.100006,442.75,463.700012,447.871368,42637448
17-09-2021,468,471.899994,450.350006,454.100006,438.599091,41529478
20-09-2021,449.399994,453.5,435.649994,437.450012,422.517426,18376916
21-09-2021,440.149994,441.350006,432.649994,438.799988,423.82135,17279588
22-09-2021,438.899994,442.799988,436.100006,438.850006,423.869629,14321143
23-09-2021,442.399994,451.149994,442.049988,449.799988,434.445831,20516770
24-09-2021,451.100006,451.899994,440,440.75,425.704773,10731274
27-09-2021,444.899994,450.549988,442.25,446.600006,431.355103,11746892
28-09-2021,449.200012,455.799988,439.600006,444.899994,429.713104,19241170
29-09-2021,441.850006,462.299988,439.100006,460,444.297668,38635938
30-09-2021,459.950012,464.899994,451.399994,453,437.536621,26530369
01-10-2021,448.5,455.549988,443.799988,451.649994,436.232697,14777309
04-10-2021,453.799988,464.399994,451.600006,463.149994,447.340149,16246765
05-10-2021,462,469,458.700012,464.700012,448.83725,16487568
06-10-2021,465,471,453.649994,457.200012,441.593262,19056690
07-10-2021,462.100006,464,457.100006,457.899994,442.269348,9984651
08-10-2021,461.899994,464,454.25,458,442.365936,16521128
11-10-2021,460,474.950012,458.649994,469.25,453.231934,20686981
12-10-2021,470,484.399994,468.100006,483,466.512543,33763609
13-10-2021,486.149994,486.149994,478,481.700012,465.256927,17638983
14-10-2021,482,493.899994,482,490.600006,473.853119,23431826
18-10-2021,494,501,491.700012,497.950012,480.95224,20084248
19-10-2021,500.350006,504.200012,483.25,488.200012,471.535065,20645100
20-10-2021,488.799988,507.5,483.100006,499.899994,482.835663,34080545
21-10-2021,504.899994,506.5,491.75,502.950012,485.781555,20808243
22-10-2021,504.600006,508.700012,500,502.950012,485.781555,24080485
25-10-2021,506.5,515.450012,497.850006,506.5,489.210358,35619415
26-10-2021,507.600006,518.200012,507.600006,512.549988,495.053833,21107457
27-10-2021,513.700012,526.849976,512.75,519.150024,501.428589,29463032
28-10-2021,519.599976,520.549988,497.600006,501.350006,484.236176,28140401
29-10-2021,501.5,512.650024,488.399994,502.149994,485.00885,31355893
01-11-2021,508.5,516.950012,501,515.700012,498.096344,20679604
02-11-2021,514.799988,525,512.049988,521.700012,503.89151,26797820
03-11-2021,524,542.299988,515.200012,527.650024,509.638428,80775924
04-11-2021,531.5,535.900024,528.049988,530.450012,512.342834,9796046
08-11-2021,534.450012,534.450012,516.450012,523.25,505.388611,36802110
09-11-2021,526.25,532,522.200012,529.150024,511.087189,25451967
10-11-2021,525.549988,528.5,521.5,524.400024,506.49939,15805538
11-11-2021,522.849976,522.849976,507.100006,509.600006,492.204559,23086898
12-11-2021,512,513,502.700012,511.350006,493.894806,19836221
15-11-2021,512.400024,515.900024,505.5,506.549988,489.258636,13328183
16-11-2021,507.399994,507.399994,493.5,495.100006,478.199524,19553216
17-11-2021,493.850006,505.399994,491,498.149994,481.145386,20488483
18-11-2021,499.100006,506.200012,492.299988,503.799988,486.602509,22471070
22-11-2021,506,506,477.5,486.399994,469.796478,28800269
23-11-2021,485.25,495.399994,480,493.049988,476.219482,20000371
24-11-2021,495.799988,500,489.049988,493.149994,476.316071,13963769
25-11-2021,490,495.450012,486.299988,490.549988,473.80481,12894211
26-11-2021,486.25,487.899994,467.100006,470.5,454.43924,26305817
29-11-2021,470,477.75,454.299988,465.100006,449.223572,22407465
30-11-2021,468,477.25,458,460.549988,444.828888,23026652
01-12-2021,464.450012,477.25,464,475.299988,459.075378,17156956
02-12-2021,474.5,478.149994,470.950012,477,460.717377,12962679
03-12-2021,475.75,481.5,470.049988,473.149994,456.998779,16653993
06-12-2021,473.149994,477,463.799988,465.299988,449.416748,14353300
07-12-2021,469.200012,479.700012,469.200012,476.700012,460.427612,13644942
08-12-2021,480.899994,492.399994,480.25,491.549988,474.770691,20397660
09-12-2021,492.299988,493.5,486.100006,488.649994,471.969666,12560970
10-12-2021,488.5,495.950012,484.399994,494.700012,477.813171,13261408
13-12-2021,497.75,500.450012,486.350006,487.799988,471.148682,14047645
14-12-2021,486,490.350006,481.799988,488.549988,471.873108,11642447
15-12-2021,490,491,483.5,484.799988,468.251099,8639835
16-12-2021,488.350006,490.549988,478.25,481.149994,464.725708,11107781
17-12-2021,480.049988,481.399994,466.5,467.799988,451.831421,12648603
20-12-2021,459,464,443,449.200012,433.866364,22336114
21-12-2021,457.049988,458.25,444.5,446,430.775543,16617447
22-12-2021,450,457.299988,449,455.850006,440.289337,13102553
23-12-2021,461,465,457.75,461.799988,446.036194,14471377
24-12-2021,462.600006,463.600006,452.200012,456.950012,441.351807,13221159
27-12-2021,453.700012,460.5,450.549988,458.049988,442.414246,8856482
28-12-2021,461.200012,462.899994,459.049988,461.200012,445.456726,8832210
29-12-2021,461,462.149994,451.399994,454.399994,438.888824,11757303
30-12-2021,452.75,454.899994,448.5,451.700012,436.281006,28879190
31-12-2021,454.25,461.399994,453.100006,460.450012,444.73233,10005842
03-01-2022,462,472,460.100006,470.799988,454.729004,13124509
04-01-2022,472.5,484.700012,471.049988,483.5,466.995483,23296671
05-01-2022,481.899994,495,479.149994,492.399994,475.591675,24694169
06-01-2022,487.700012,494.399994,485.399994,491.700012,474.915588,18190843
07-01-2022,493.450012,501.950012,489.450012,491.25,474.480927,22746330
10-01-2022,493.350006,504.950012,492.5,503.649994,486.457672,15832274
11-01-2022,503,507.799988,499.25,505.950012,488.679169,16107950
12-01-2022,509.899994,513.5,508.5,510.25,492.832367,14489616
13-01-2022,510,512.849976,507,511.350006,493.894806,10450974
14-01-2022,509,510.350006,505.149994,508.350006,490.997223,8724574
17-01-2022,508,518.900024,507.549988,514,496.454346,17422211
18-01-2022,514,517.450012,505,506.799988,489.500122,12592506
19-01-2022,505,517.650024,500.299988,515.799988,498.192871,16079457
20-01-2022,516,519.150024,508,511.399994,493.943115,17724642
21-01-2022,505.299988,507.5,498,502.700012,485.5401,16947941
24-01-2022,502.399994,506.799988,488,494.149994,477.281952,20233933
25-01-2022,490,517.5,489,514.650024,497.082184,21791739
27-01-2022,503.549988,530.849976,503.200012,528.950012,510.894043,35409230
28-01-2022,534,536.400024,521.400024,523.450012,505.581818,24715250
31-01-2022,529,540.900024,527.049988,538.299988,519.924866,28674232
01-02-2022,543.950012,543.950012,520,532.299988,514.1297,32245356
02-02-2022,536.650024,544.25,531.349976,539.799988,521.373657,21661864
03-02-2022,537.150024,544.700012,537.150024,540.099976,521.663391,22717677
04-02-2022,542.150024,546.400024,527.299988,530.299988,512.197937,25332894
07-02-2022,531.900024,549,525.25,533.25,515.047241,52289545
08-02-2022,535.5,537.650024,519,531.349976,513.212036,26567546
09-02-2022,534.950012,536.5,527.75,535.25,516.978943,14856155
10-02-2022,537.099976,543.950012,534.400024,540.549988,522.098022,18659370
11-02-2022,536.25,537.700012,527.099976,529.599976,511.52182,14607095
14-02-2022,515,515.599976,499.700012,501.399994,484.284454,26153332
15-02-2022,502,526.849976,497.100006,524.799988,506.885681,23842951
16-02-2022,526.5,528,514,516.700012,499.062195,19773807
17-02-2022,520,520,511.149994,512.950012,495.440216,16408356
18-02-2022,510.100006,520.900024,510.100006,515.299988,497.709961,15111223
21-02-2022,511.549988,517.5,504.649994,511.850006,494.377747,16866932
22-02-2022,500.899994,505.299988,495.5,498.399994,481.386871,27108772
23-02-2022,503,505.350006,497.25,498.700012,481.676636,13899433
24-02-2022,480,487.950012,468,472.649994,456.515839,32356037
25-02-2022,480,491.899994,479.299988,482.950012,466.464264,21792287
28-02-2022,476.899994,485.299988,473.100006,483.200012,466.705719,18069367
02-03-2022,478,479.799988,467,474.25,458.061249,22003848
03-03-2022,480,483.399994,464.600006,467.399994,451.445038,20358590
04-03-2022,460.299988,470.899994,457.649994,461.950012,446.181122,20684268
07-03-2022,447.5,453.950012,433.450012,440.299988,425.270142,33720472
08-03-2022,438,442.100006,425,440.299988,425.270142,42510207
09-03-2022,442,454.299988,438.549988,451.700012,436.281006,32331325
10-03-2022,469.899994,476.649994,461.649994,468.700012,452.700684,34553299
11-03-2022,466.399994,474.799988,462,470.350006,454.294373,22091309
14-03-2022,471,486,470.549988,485.149994,468.589142,27750689
15-03-2022,489,490.5,480.649994,485.850006,469.265259,27204899
16-03-2022,493,494.299988,489.399994,492.75,475.929718,16211288
17-03-2022,499,503.5,498.299988,501.899994,484.767395,22947673
21-03-2022,502,502,489,490.600006,473.853119,19064060
22-03-2022,490.600006,495.799988,477.25,493.700012,476.847321,26157969
23-03-2022,498.5,502.399994,489.200012,490.649994,473.901428,15800195
24-03-2022,485,494.799988,483.5,487.100006,470.472595,18174877
25-03-2022,491.75,493.299988,486.600006,490.700012,473.949738,11541196
28-03-2022,490.950012,498.600006,481.950012,497.5,480.517578,16738684
29-03-2022,500,501.399994,491.700012,495,478.102936,14301429
30-03-2022,499.299988,500.399994,492.299988,494.299988,477.426819,16461225
31-03-2022,494.299988,497.549988,492.200012,493.549988,476.702393,10240982
01-04-2022,491,509.75,491,508.200012,490.852356,18527226
04-04-2022,509.299988,514.900024,506,512.400024,494.908997,16257176
05-04-2022,514.400024,516.400024,507.700012,509.399994,492.011353,13602384
06-04-2022,507,515.200012,506,513.950012,496.406067,13738275
07-04-2022,510.049988,519.900024,510.049988,514.950012,497.371918,19620958
08-04-2022,519.5,519.5,512.349976,516.099976,498.482635,13572638
11-04-2022,513.5,522,513.200012,514.900024,497.323669,12370288
12-04-2022,512.75,516.700012,504.350006,512.849976,495.343567,14460680
13-04-2022,514.299988,520.900024,513.75,517.700012,500.028076,15440525
18-04-2022,512,515,504,509.5,492.107971,14492183
19-04-2022,513.25,520.950012,505.100006,511.799988,494.329437,20362934
20-04-2022,512,513.700012,507,509.299988,491.914795,11881305
21-04-2022,513.400024,518,512.200012,516.299988,498.675812,10035638
22-04-2022,512.900024,513.5,499,500.600006,483.51178,16760456
25-04-2022,495,499.200012,490.049988,494.75,477.86145,14057444
26-04-2022,499,507.899994,498.450012,505.5,488.244507,12137213
27-04-2022,500,502.799988,491.850006,497.25,480.276123,12367342
28-04-2022,499.149994,510,496.5,507.5,490.176239,12154792
29-04-2022,508.100006,512.5,494,496.299988,479.358551,12894773
02-05-2022,492.649994,495,481.299988,491,474.239471,18590895
04-05-2022,492,496.450012,477.5,479.649994,463.276917,14645323
05-05-2022,485,494,478.649994,480,463.61496,14130385
06-05-2022,471,486.100006,471,483.950012,467.430145,16710020
09-05-2022,477.100006,483.700012,473.799988,475.899994,459.654907,13544947
10-05-2022,477,482.549988,473.5,475.200012,458.978821,10884328
11-05-2022,475.25,479,463.649994,476.549988,460.282715,14771351
12-05-2022,473,473,456.350006,462.649994,446.857208,18947096
13-05-2022,469.450012,477,439.75,444.649994,429.471649,61403008
16-05-2022,445,461.5,438.850006,455,439.468353,27940958
17-05-2022,458.299988,469.649994,456.149994,467.299988,451.34848,16880698
18-05-2022,467.899994,468.600006,457.100006,458,442.365936,15644497
19-05-2022,449.049988,450,444.450012,447.5,432.224335,14201420
20-05-2022,454.850006,464,454.149994,462.399994,446.615753,13596860
23-05-2022,463.100006,471.399994,459.5,460.899994,445.166931,13499415
24-05-2022,462.399994,466.799988,460.200012,462.049988,446.277679,17175179
25-05-2022,461,464.450012,452.049988,454.100006,445.443909,12728644
26-05-2022,456.850006,470.100006,452.5,468.899994,459.961761,17055257
27-05-2022,471.399994,475,467.5,468.950012,460.010834,10977001
30-05-2022,473,476.899994,471.100006,474.600006,465.553131,9365470
31-05-2022,474,476.399994,465,468.100006,459.177032,15441579
01-06-2022,468,472,464.700012,468.299988,459.373199,9424008
02-06-2022,466.899994,472.350006,466.149994,469.850006,460.893677,9370989
03-06-2022,473.25,475.5,463.5,464.5,455.64566,11306291
06-06-2022,464.200012,465.600006,456.5,463.700012,454.860901,10661432
07-06-2022,461.850006,465.950012,460.5,463.399994,454.56662,7672515
08-06-2022,466.600006,475.549988,463.200012,471.299988,462.31601,17168871
09-06-2022,468.950012,470.899994,462.450012,466.950012,458.04895,12635601
10-06-2022,462,464.149994,458.600006,461.850006,453.046173,8621104
13-06-2022,454,454.049988,442.100006,445.850006,437.351166,13426836
14-06-2022,445,449.25,443.350006,448.100006,439.558289,11351101
15-06-2022,448.950012,455.450012,448.600006,451.350006,442.746338,9920926
16-06-2022,455.149994,457.75,440.149994,441.600006,433.18219,10780703
17-06-2022,440,447.549988,437.25,441,432.593628,14326050
20-06-2022,441.5,443.450012,430.700012,434.700012,426.413727,12368534
21-06-2022,439.5,454.950012,437.600006,450.75,442.157745,13801891
22-06-2022,448.75,451.200012,444.649994,447.649994,439.116852,11066447
23-06-2022,449,456.450012,446,451.399994,442.795349,12229833
24-06-2022,455.799988,460.350006,453.200012,454.25,445.591034,10833364
27-06-2022,459.950012,464.850006,458.049988,461.200012,452.408569,9509175
28-06-2022,458.899994,465.75,458,464.25,455.400421,13261290
29-06-2022,460,462.700012,458,459.100006,450.348602,11800876
30-06-2022,459,469.299988,458.600006,465.899994,457.018951,16926328
01-07-2022,463.350006,468.799988,460.549988,466.850006,457.950867,9405495
04-07-2022,466.850006,474.149994,466.850006,473.450012,464.425049,9186358
05-07-2022,475.149994,480,471,472.149994,463.149811,12003244
06-07-2022,475.149994,481,473.899994,479.950012,470.801147,12059857
07-07-2022,484,488.25,481.600006,486.75,477.471527,11497832
08-07-2022,489,489.899994,485.149994,488.549988,479.237213,9057231
11-07-2022,485,491.299988,485,488.200012,478.89389,7704792
12-07-2022,485,491.350006,483.100006,484.950012,475.705841,7364457
13-07-2022,487.75,492.450012,484.549988,486.5,477.226288,8208853
14-07-2022,486.600006,488.899994,476.799988,479.350006,470.212585,9385630
15-07-2022,482.549988,484.399994,474.700012,479.100006,469.967346,6945602
18-07-2022,484.549988,491.5,482.100006,490.299988,480.953827,9934786
19-07-2022,488,498.549988,488,497.950012,488.458038,11724183
20-07-2022,501,510.600006,500.399994,508.600006,498.905029,19280117
21-07-2022,509.799988,513.400024,506.75,512.049988,502.289246,13814893
22-07-2022,513.450012,520.200012,511.200012,513.700012,503.907806,14699129
25-07-2022,513.400024,519,509.149994,517.799988,507.929626,10229778
26-07-2022,517.700012,520.799988,513.099976,514.200012,504.398285,8862656
27-07-2022,515.299988,529.950012,512.25,528.200012,518.131409,15101546
28-07-2022,533.200012,537.5,529.549988,532.450012,522.300415,12160734
29-07-2022,535.049988,537,526.75,528.349976,518.278503,11921058
01-08-2022,529.049988,535,526.400024,533.75,523.575623,8295631
02-08-2022,531.900024,544.900024,531.099976,542.099976,531.766418,16845027
03-08-2022,541.900024,546.400024,534.650024,540.849976,530.540222,24262125
04-08-2022,543.650024,544,524.200012,533.25,523.085144,18072293
05-08-2022,535.549988,542.900024,529,531.049988,520.927063,21110734
08-08-2022,524,524,513.849976,520.400024,510.480103,32566317
10-08-2022,521.549988,523.5,513.400024,514.700012,504.888733,16904151
11-08-2022,520,526,517.200012,524.75,514.747192,13862195
12-08-2022,525.700012,531.799988,525.150024,530.700012,520.58374,12154012
16-08-2022,533.299988,533.849976,525,525.950012,515.924316,10721167
17-08-2022,528.849976,530.549988,524.349976,528.150024,518.082397,12054183
18-08-2022,526.849976,534.799988,526.200012,532.349976,522.202271,9013662
19-08-2022,532,533.650024,518.5,520.349976,510.431,11087222
22-08-2022,519,519.900024,510,511.299988,501.553528,9676954
23-08-2022,508.25,524,508.25,521.900024,511.951508,8597965
24-08-2022,519,523,512.299988,519.299988,509.401031,11930650
25-08-2022,521.950012,528.299988,518.5,520.400024,510.480103,15473450
26-08-2022,523.799988,529.5,522.200012,523.799988,513.815247,12855886
29-08-2022,511.299988,517,508.75,514.849976,505.035858,9421339
30-08-2022,518.200012,532.5,517.950012,531.25,521.12323,14835308
01-09-2022,522.25,540.900024,522.25,533.299988,523.134155,16670228
02-09-2022,537,537.849976,531.25,536.700012,526.46936,10017930
05-09-2022,537,540.799988,536.299988,538.900024,528.627441,7819994
06-09-2022,538,542.700012,534.099976,537.799988,527.548401,8657868
07-09-2022,534.400024,537.450012,531.549988,532.849976,522.692749,8445359
08-09-2022,536,546.299988,535.5,544.650024,534.267822,12240707
09-09-2022,549.650024,557,548,553.349976,542.801941,18587927
12-09-2022,554.900024,558.599976,551.25,554.900024,544.322449,9677415
13-09-2022,560,560,553.75,558,547.363342,16707275
14-09-2022,550,574.849976,549.25,571.75,560.851257,21632641
15-09-2022,572.549988,578.5,567.900024,572.150024,561.243652,12749947
16-09-2022,569.099976,574,560.299988,561.799988,551.090881,14739280
19-09-2022,560.700012,574.400024,559.549988,572.25,561.341736,11194003
20-09-2022,577.950012,577.950012,572.849976,574.049988,563.107361,8484017
21-09-2022,575,577.299988,565.400024,569.700012,558.840332,9392526
22-09-2022,566.75,574,562,567.299988,556.486084,11869435
23-09-2022,564.799988,568,549.5,550.599976,540.10437,12563239
26-09-2022,545.799988,549,533,543.299988,532.943542,16158750
27-09-2022,544.549988,550.900024,533.200012,536.5,526.273193,11066799
28-09-2022,532.900024,539.799988,520.349976,524.849976,514.845215,12233485
29-09-2022,529,535.700012,519.549988,521.75,511.804352,17310168
30-09-2022,524,536.900024,516.150024,530.599976,520.485596,17466950
03-10-2022,527.599976,531.650024,518.5,519.75,509.842468,9351162
04-10-2022,533,535.799988,527.799988,532.700012,522.545654,8745887
06-10-2022,534.599976,541.799988,534.599976,537.299988,527.057922,9507322
07-10-2022,535.5,535.599976,526.549988,530.200012,520.093262,11065307
10-10-2022,525.700012,533.900024,522.200012,530.75,520.632813,9649292
11-10-2022,530.75,533.700012,525.5,527.400024,517.34668,10825440
12-10-2022,530,535,526,533.799988,523.624634,8522604
13-10-2022,533,533.799988,520.200012,521.450012,511.510071,12972765
14-10-2022,530.200012,534.849976,526,527.200012,517.150452,8545479
17-10-2022,526.400024,544.700012,524.200012,543.650024,533.286926,13485349
18-10-2022,547.099976,563.5,546.75,562.450012,551.728516,20440781
19-10-2022,563,563.450012,551.549988,553.400024,542.851074,9540583
20-10-2022,552,556.799988,545.299988,555.400024,544.812927,11225588
21-10-2022,557.25,565.799988,557.25,560.849976,550.158997,11767639
24-10-2022,567,572.5,565.900024,570.5,559.625061,3692065
25-10-2022,572.5,586.200012,568,578.549988,567.521606,19899324
27-10-2022,583.950012,585,577.599976,579.650024,568.600647,13613533
28-10-2022,579.950012,582.650024,567,570.75,559.8703,10043644
31-10-2022,574.950012,577.450012,568.400024,573.799988,562.862183,9894639
01-11-2022,576.349976,585.75,574.599976,576.900024,565.903076,12069579
02-11-2022,575.900024,578.950012,569.900024,573.849976,562.911194,10241440
03-11-2022,569,587.950012,568,584.900024,573.75061,17557998
04-11-2022,586,596.950012,580.400024,593.950012,582.628052,25759031
07-11-2022,613,622.700012,607.700012,614.150024,602.443054,44265903
09-11-2022,621,621,610.549988,615.549988,603.816284,18939854
10-11-2022,613.099976,615.099976,602.200012,605.75,594.203125,11618405
11-11-2022,617.25,619.549988,598.5,601.299988,589.837952,15525267
14-11-2022,603.950012,603.950012,591.650024,592.549988,581.254761,12957268
15-11-2022,594.299988,602.099976,592.650024,600.849976,589.396484,10286417
16-11-2022,599.950012,603.5,596,599.75,588.317505,11555749
17-11-2022,599.099976,602.75,596.150024,599.049988,587.630859,8167131
18-11-2022,601,605.75,597.150024,602.700012,591.211304,12933675
21-11-2022,602.099976,602.099976,595.349976,598.099976,586.698914,7412419
22-11-2022,598.150024,600.700012,596.150024,599.099976,587.679871,8048595
23-11-2022,601.549988,609.599976,601,607.650024,596.066956,12435924
24-11-2022,609.75,611.299988,605.799988,609.349976,597.734497,8960032
25-11-2022,610.549988,613.700012,606.25,607.400024,595.821716,9994513
28-11-2022,605.599976,610.900024,602.349976,608.599976,596.998779,7934274
29-11-2022,607.099976,611.799988,607.099976,608.549988,596.949768,6942919
30-11-2022,608.5,611.400024,598.400024,602.450012,590.966064,15606230
01-12-2022,607.849976,609.799988,601.549988,608.099976,596.508301,14209313
02-12-2022,607.5,609.599976,604.25,607.549988,595.968811,7533838
05-12-2022,608.5,618,607.549988,617.299988,605.532959,11585602
06-12-2022,614.75,619.799988,607.799988,608.950012,597.342163,12996244
07-12-2022,610.849976,612.900024,604.5,607.049988,595.478333,7613892
08-12-2022,609.75,613.799988,607.150024,611.650024,599.990662,10020015
09-12-2022,614.400024,618,609.099976,616.5,604.74823,11202267
12-12-2022,614.799988,618.700012,611,613.049988,601.363953,9285187
13-12-2022,613.5,617.400024,612.5,616.75,604.993469,7455415
14-12-2022,618.5,626.75,617.5,625.5,613.57666,14010673
15-12-2022,625.549988,629.549988,614.299988,615.950012,604.20874,10622271
16-12-2022,612,615.599976,602.099976,603.349976,591.848877,9435071
19-12-2022,604,609.5,603,604.450012,592.927917,8322012
20-12-2022,603,606.5,599.549988,604.450012,592.927917,6753785
21-12-2022,605.900024,609.150024,589.599976,593.400024,582.088562,9217253
22-12-2022,597,599,587.549988,593.400024,582.088562,8740149
23-12-2022,590,590.700012,571.5,574,563.05835,13047046
26-12-2022,574,601.700012,570.700012,597.099976,585.718018,13201587
27-12-2022,600.400024,603.099976,593.299988,601.900024,590.426575,9638618
28-12-2022,600.900024,607,598.549988,601.049988,589.592712,7988631
29-12-2022,600,618,597.150024,611.799988,600.137817,20130392
30-12-2022,615.25,620.549988,611.349976,613.700012,602.001587,13052895
02-01-2023,614.950012,619.200012,611.200012,612.200012,600.530212,6726084
03-01-2023,614.5,616.599976,610,612.400024,600.726379,6818062
04-01-2023,611.849976,614.950012,604,605.200012,593.663635,7011191
05-01-2023,607,611.599976,601.950012,605.099976,593.565491,8241475
06-01-2023,607.400024,607.450012,597,600.650024,589.200378,7972036
09-01-2023,605,609,600.099976,607.700012,596.115967,8878905
10-01-2023,608.450012,609,590.599976,595.150024,583.805237,10622660
11-01-2023,596.450012,599.5,592.25,596.700012,585.325684,7419630
12-01-2023,597.900024,597.900024,590.099976,594.900024,583.559998,8183715
13-01-2023,597.900024,602.900024,593.650024,600.099976,588.660828,7877610
16-01-2023,603,606.099976,600.599976,603,591.505554,5483191
17-01-2023,603,606,586.049988,592.950012,581.647156,13461999
18-01-2023,595.900024,597.150024,587.599976,591.450012,580.17572,11538075
19-01-2023,591,591.75,587.549988,589.849976,578.606201,7475688
20-01-2023,593.799988,596.599976,590.799988,592.200012,580.911438,6750607
23-01-2023,598.5,601.75,592.950012,600.450012,589.00415,6604469
24-01-2023,603.5,604.599976,593.049988,594.349976,583.020386,7609623
25-01-2023,595.849976,595.849976,567.400024,568.700012,557.859375,25686294
27-01-2023,568,568.549988,532.25,539.950012,529.65741,40163464
30-01-2023,536,554.349976,525.200012,538.200012,527.940796,40797825
31-01-2023,545,557,537.849976,553.5,542.949097,21911943
01-02-2023,561.400024,565,499.350006,527.349976,517.297546,38218810
02-02-2023,520.200012,532.650024,502.5,528.099976,518.033264,39287056
03-02-2023,536,545.950012,519.150024,544.200012,533.826416,32317232
06-02-2023,558.799988,558.799988,536.549988,545.400024,535.00354,25338586
07-02-2023,548,551.400024,541.049988,547.099976,536.671082,16195947
08-02-2023,550,554.5,545.5,549.75,539.27063,15502847
09-02-2023,552,552,542.799988,550.799988,540.300598,15061047
10-02-2023,546.5,557.25,546.5,553.049988,542.50769,13824475
13-02-2023,554,556.900024,533.299988,537.5,527.25415,18488732
14-02-2023,539.950012,544.599976,530.75,540.849976,530.540222,18559909
15-02-2023,540,544.650024,536.799988,542.25,531.913574,12796579
16-02-2023,546.849976,546.849976,538.5,540.099976,529.804504,12767016
17-02-2023,538.5,539.650024,527.75,531,520.878052,14192008
20-02-2023,532,533.950012,522.150024,525.150024,515.139587,12570032
21-02-2023,527.099976,528.950012,522.400024,523.450012,513.471985,10223218
22-02-2023,520.75,521.900024,512.5,516.349976,506.507263,14763050
23-02-2023,516.950012,524,511.350006,521,511.068634,15535085
24-02-2023,524.200012,527.5,517.599976,521.049988,511.117676,12253035
27-02-2023,521.099976,529.799988,519,527.700012,517.64093,11048799
28-02-2023,527.25,528.450012,521.049988,522.799988,512.834351,15768010
01-03-2023,523.25,537.400024,523.099976,536.700012,526.46936,13510198
02-03-2023,535.950012,539.900024,532.5,533.75,523.575623,10376913
03-03-2023,542,564.299988,541.75,561.200012,550.50238,27656538
06-03-2023,564.900024,567.900024,559,561.700012,550.992859,16162268
08-03-2023,560,565.5,556.450012,564.799988,554.033691,12637578
09-03-2023,564.75,565.75,558,558.900024,548.246216,8993423
10-03-2023,553.099976,554.950012,545,547.349976,536.916321,11522371
13-03-2023,547,553.150024,528.450012,530,519.897095,14373729
14-03-2023,527.650024,532.799988,520,525.400024,515.384766,14750800
15-03-2023,529.799988,532,515.549988,517.549988,507.684387,11282329
16-03-2023,518.400024,529.349976,514.299988,524.5,514.501953,20040008
17-03-2023,528.650024,531.599976,520.099976,529.799988,519.700867,18787379
20-03-2023,526.599976,526.599976,515,519.200012,509.302979,14275315
21-03-2023,522,523.450012,516.450012,521.849976,511.902405,29485180
22-03-2023,522.200012,527,520.099976,521.549988,511.608154,11619538
23-03-2023,519.400024,521,511.5,512.75,502.975922,22097792
24-03-2023,514.5,514.950012,503.450012,505.350006,495.71698,14416984
27-03-2023,507,514.150024,501.549988,510.149994,500.425476,15674218
28-03-2023,511.450012,511.75,503.850006,508.100006,498.414551,15833599
29-03-2023,509,518,506.299988,516.5,506.654419,24203789
31-03-2023,520.650024,524.900024,519.349976,523.75,513.766235,17356345
03-04-2023,524.75,528.5,522.099976,526.75,516.709045,14210949
05-04-2023,527,527.599976,519.049988,523,513.030518,13574801
06-04-2023,524,533.700012,521.650024,527.650024,517.591919,25125879
10-04-2023,529.25,530.400024,524.400024,526.299988,516.267578,17335453
11-04-2023,530.849976,535.700012,527.150024,532.099976,521.957031,26414406
12-04-2023,533.200012,534,526,528.200012,518.131409,21292441
13-04-2023,529.299988,534.25,527.150024,532.950012,522.790894,28597560
17-04-2023,528,545,528,544,533.630188,32476990
18-04-2023,545.349976,548.5,540.5,545.849976,535.444946,22283456
19-04-2023,544,547.5,538.25,540.299988,530.000732,21156372
20-04-2023,541.200012,545.450012,536.650024,544.799988,534.414978,25588577
21-04-2023,545,546.400024,539.700012,543.150024,532.796448,22599418
24-04-2023,543.799988,555.549988,543.5,554.599976,544.028137,23335611
25-04-2023,555,567.900024,555,561.799988,551.090881,38142390
26-04-2023,562,567,556.450012,566.349976,555.554138,23143882
27-04-2023,565,567.400024,561.099976,564.75,553.98468,17845169
28-04-2023,567.799988,580.450012,565.5,578.299988,567.276367,16183423
02-05-2023,580,580.849976,573.150024,575.299988,564.333557,13667511
03-05-2023,570.650024,575,569,570.5,559.625061,9699527
04-05-2023,570.200012,580.799988,568.5,580,568.94397,12533761
05-05-2023,580.200012,588.25,575.049988,576.5,565.510681,18163461
08-05-2023,577.650024,587.599976,577.349976,583.599976,572.475342,12990869
09-05-2023,585,586.450012,572.099976,573.5,562.567871,18959065
10-05-2023,575,575,563.25,572.200012,561.292664,18561315
11-05-2023,572.200012,580,572,573.450012,562.51886,16016715
12-05-2023,574.700012,580.75,571.549988,578.150024,567.129272,11319335
15-05-2023,578.75,584,574.650024,581.900024,570.8078,11410243
16-05-2023,584,590.400024,582,586.299988,575.123901,22178229
17-05-2023,586,590.5,579.5,586.299988,575.123901,23739774
18-05-2023,590.299988,593.900024,571.400024,574.200012,563.254578,45656620
19-05-2023,579,586.25,569.900024,575.150024,564.186462,42293962
22-05-2023,577.5,580.299988,573.450012,577.150024,566.148315,21484049
23-05-2023,578.900024,583.700012,576.799988,581.599976,570.513428,16120548
24-05-2023,579.799988,585.25,578.25,582.700012,571.592529,17616658
25-05-2023,582,582.900024,577,581.25,570.170166,16479436
26-05-2023,581.25,587.75,580.549988,586,574.82959,9788076
29-05-2023,590,596.400024,588.049988,595,583.65802,18432231
30-05-2023,595,595.5,591.5,592.799988,581.5,15031640
31-05-2023,583.799988,584.799988,577.5,579.849976,579.849976,28797643
01-06-2023,581.799988,586.400024,581,582.75,582.75,17820226
02-06-2023,584.700012,588.900024,583,587.200012,587.200012,11323908
05-06-2023,588.5,589.799988,586,587.200012,587.200012,12920507
06-06-2023,588,588.900024,583,585.349976,585.349976,11199940
07-06-2023,588,590.599976,586,589.200012,589.200012,11113781
08-06-2023,589.950012,593.950012,586.349976,588.5,588.5,15971917
09-06-2023,588,589.099976,576.75,578.700012,578.700012,18870272
12-06-2023,580,581.5,577.700012,578.650024,578.650024,8786066
13-06-2023,579.450012,581.400024,574.25,576.400024,576.400024,12612098
14-06-2023,577,578.549988,575.25,576.549988,576.549988,8948696
15-06-2023,576,576.700012,565.25,566.5,566.5,17934877
16-06-2023,568.75,574.700012,567.049988,571.25,571.25,12660226
19-06-2023,571.25,572.75,565.900024,568.849976,568.849976,17903691
20-06-2023,568.849976,569.450012,562.549988,567.400024,567.400024,14549152
21-06-2023,567.400024,569.5,565.650024,566.349976,566.349976,14946871
22-06-2023,566.349976,569,561.049988,562.950012,562.950012,14979063
23-06-2023,562,562.099976,553.799988,554.599976,554.599976,12215712
26-06-2023,556,558.5,554.5,557.049988,557.049988,8360264
27-06-2023,558.25,567.950012,555.650024,566.099976,566.099976,10694768
28-06-2023,572.25,574,568.549988,569.799988,569.799988,18028934
30-06-2023,574,574,570.200012,572.849976,572.849976,8718232
03-07-2023,574.5,586.349976,573.900024,585.450012,585.450012,15421985
04-07-2023,588.200012,595.950012,582.25,589.25,589.25,24799250
05-07-2023,589.799988,593.700012,588.200012,590.599976,590.599976,13598114
06-07-2023,590.400024,593.5,589.099976,592.5,592.5,11323509
07-07-2023,590,595.5,585.5,593.599976,593.599976,11707209
10-07-2023,594.650024,599.799988,590.25,592.599976,592.599976,11417363
11-07-2023,595,595.950012,587.349976,588.549988,588.549988,13221177
12-07-2023,589,594.5,588.200012,589.25,589.25,16029716
13-07-2023,594.900024,598,583.349976,585.650024,585.650024,20024503
14-07-2023,586.75,591.299988,580.700012,584.400024,584.400024,12190152
17-07-2023,587,602.849976,584.200012,601.099976,601.099976,19378986
18-07-2023,603.049988,604.049988,588.75,592.349976,592.349976,25757209
19-07-2023,594.650024,602.400024,592,601.450012,601.450012,17556585
20-07-2023,601.400024,610.799988,598.75,610.049988,610.049988,34038351
21-07-2023,610,619.5,609,615.099976,615.099976,21040281
24-07-2023,615.049988,621.900024,614.299988,617.650024,617.650024,11756364
25-07-2023,621.799988,621.799988,604.200012,609.599976,609.599976,18503305
26-07-2023,612,616.349976,609.150024,615.150024,615.150024,9999125
27-07-2023,616.400024,621.25,613.099976,616.549988,616.549988,17444742
28-07-2023,616.400024,619.900024,613.599976,616.049988,616.049988,11930586
31-07-2023,616.650024,621,614.5,620.200012,620.200012,8605483
01-08-2023,620.200012,620.849976,610.599976,611.849976,611.849976,13493453
02-08-2023,609.849976,610.5,594.099976,598.450012,598.450012,14977497
03-08-2023,598.700012,600.849976,585,590.5,590.5,27774877
04-08-2023,594.799988,598.700012,571.400024,573.299988,573.299988,52725616
07-08-2023,577,577,566.650024,567.900024,567.900024,32736325
08-08-2023,571,574.25,568.450012,573.099976,573.099976,25038671
09-08-2023,575,575,568.349976,573.75,573.75,15769111
10-08-2023,573.75,577.599976,570.099976,573.650024,573.650024,27325801
11-08-2023,575.450012,579,572,574.150024,574.150024,18221179
14-08-2023,572.950012,573,558.599976,560.799988,560.799988,28084093
16-08-2023,558.799988,566.400024,554,565.349976,565.349976,15725767
17-08-2023,565.75,573.150024,564,572.150024,572.150024,27910162
18-08-2023,570,575.25,567.400024,572.950012,572.950012,18253227
21-08-2023,572.950012,575.549988,570.75,571.700012,571.700012,9380810
22-08-2023,572.5,574.450012,567.5,568.5,568.5,14073413
23-08-2023,571,577.950012,566,576.900024,576.900024,18579297
24-08-2023,578.150024,582,575.549988,576.950012,576.950012,24131644
25-08-2023,573.799988,575.299988,567.200012,569.950012,569.950012,12271885
28-08-2023,572.799988,574.799988,569.200012,572.849976,572.849976,9711932
29-08-2023,573.650024,576.299988,571.849976,574.849976,574.849976,13144855
30-08-2023,576.700012,577.700012,566.099976,567.400024,567.400024,15281416
31-08-2023,569.299988,570.299988,559.400024,561.349976,561.349976,27898476
01-09-2023,562.700012,571.200012,562.099976,569.549988,569.549988,18121168
04-09-2023,572,576.349976,568.450012,575.549988,575.549988,12108655
05-09-2023,575.599976,578.25,571.349976,573,573,14444729
06-09-2023,574.25,574.25,568,570.5,570.5,20609936
07-09-2023,568,581,568,579.049988,579.049988,12390597
08-09-2023,581,588.5,579.700012,583.450012,583.450012,14032068
11-09-2023,587,592.299988,585.349976,591.700012,591.700012,10946134
12-09-2023,593.650024,594.25,584.650024,588.349976,588.349976,16093060
13-09-2023,588.400024,598,583.450012,596.450012,596.450012,19377172
14-09-2023,598.450012,603.700012,595.200012,597.299988,597.299988,13178911
15-09-2023,599.349976,600.700012,595.200012,598.799988,598.799988,11756389
18-09-2023,598.799988,608.400024,597.049988,603.950012,603.950012,19305055
20-09-2023,600.849976,606.799988,599.400024,601.099976,601.099976,21314600
21-09-2023,600,606.599976,584.650024,588.150024,588.150024,23453425
22-09-2023,593.5,602,591.400024,598.150024,598.150024,18784139
25-09-2023,601.5,601.5,590.450012,594.049988,594.049988,9712784
26-09-2023,594,595,591.25,594.400024,594.400024,8327427
27-09-2023,593.450012,594.299988,588.200012,589.75,589.75,9865347
28-09-2023,591.25,595.200012,588.849976,589.950012,589.950012,21960816
29-09-2023,592.849976,600,591.299988,598.549988,598.549988,12189735
03-10-2023,596.599976,604.900024,589.599976,602.950012,602.950012,15322196
04-10-2023,600,600.450012,584.450012,586.25,586.25,24914612
05-10-2023,590,594.349976,587.099976,592.150024,592.150024,13248028
06-10-2023,593.400024,598.950012,592.200012,594.25,594.25,8216780
09-10-2023,588,589,581.549988,585.099976,585.099976,9189597
10-10-2023,587,595,585.75,591.650024,591.650024,10373508
11-10-2023,596.900024,597,587.599976,588.349976,588.349976,14220119
12-10-2023,590.799988,593,585,586.049988,586.049988,11983797
13-10-2023,577.75,581.299988,574.799988,576.150024,576.150024,19064577
16-10-2023,576,578.75,571.5,575.650024,575.650024,11290293
17-10-2023,577.700012,579.950012,575.299988,576.450012,576.450012,10765224
18-10-2023,577.75,579.25,569.349976,572.650024,572.650024,11777454
19-10-2023,569.799988,574,567,571.200012,571.200012,11441499
20-10-2023,569.900024,570,562.099976,563.099976,563.099976,11110988
23-10-2023,563.099976,566,551,552.950012,552.950012,11875035
25-10-2023,558.599976,560.799988,553.599976,556.200012,556.200012,12134624
26-10-2023,551.450012,552.900024,543.200012,547,547,19424825
27-10-2023,550,562.5,550,561.150024,561.150024,10415296
30-10-2023,563,566.700012,556.5,565.200012,565.200012,8593704
31-10-2023,567,569.5,563.150024,565.549988,565.549988,13039696
01-11-2023,566.25,569.650024,563.849976,566.400024,566.400024,13575575
02-11-2023,571.099976,575.450012,567.599976,572.099976,572.099976,11148516
03-11-2023,576,579.5,573.450012,578.150024,578.150024,11371371
06-11-2023,582,582.5,573.25,574.349976,574.349976,16499138
07-11-2023,574.799988,581.200012,572.599976,579.75,579.75,17923281
08-11-2023,581.900024,582.599976,579,580.299988,580.299988,15434808
09-11-2023,581,581.849976,576.5,578.349976,578.349976,12434363
10-11-2023,577.799988,581,575.400024,579.5,579.5,6773038
13-11-2023,581,582.5,575.200012,581.349976,581.349976,11282362
15-11-2023,587.25,588,582.599976,584.700012,584.700012,11397676
16-11-2023,584.700012,588,582.900024,584.650024,584.650024,8622660
17-11-2023,574.5,574.5,562.099976,563.049988,563.049988,37173221
20-11-2023,564,566.799988,560.599976,563.75,563.75,12714585
21-11-2023,566,566.650024,561,561.5,561.5,14280013
22-11-2023,562.950012,564.5,555.150024,558.950012,558.950012,14909071
23-11-2023,561.75,563.5,558.299988,559.950012,559.950012,6376210
24-11-2023,561.950012,562.450012,559.25,560.349976,560.349976,6529851
28-11-2023,563.599976,565.200012,561.099976,564.450012,564.450012,8153314
29-11-2023,568,569,565.099976,568.599976,568.599976,10299034
30-11-2023,569.75,570.200012,563.650024,564.75,564.75,19758998
01-12-2023,567,574.200012,566.549988,571.75,571.75,10614230
04-12-2023,588,596,584.549988,594.700012,594.700012,26077882
05-12-2023,595.049988,611.299988,595.049988,608.25,608.25,36430152
06-12-2023,614,614,604.549988,608.450012,608.450012,21439069
07-12-2023,610,612.549988,605,611.700012,611.700012,10725706
08-12-2023,610,616.799988,605.349976,614.150024,614.150024,17722136
11-12-2023,615,619.900024,613.099976,614.25,614.25,11706255
12-12-2023,617,617.950012,610.799988,612.400024,612.400024,14494836
13-12-2023,614.450012,620.5,611.650024,619.849976,619.849976,13977914
14-12-2023,626,627.75,622.400024,623.650024,623.650024,15813797
15-12-2023,628,650,619.849976,648.25,648.25,29813572
18-12-2023,646.650024,655.650024,642.400024,648.5,648.5,16221796
19-12-2023,648.5,659.599976,640.25,655.400024,655.400024,19964008
20-12-2023,658.700012,660.400024,633.950012,636.450012,636.450012,22542056
21-12-2023,632.150024,648.950012,627.5,643.75,643.75,19915516
22-12-2023,644.75,649.400024,635.150024,636.75,636.75,14998068
26-12-2023,638.849976,641.299988,635.650024,638.049988,638.049988,10153089
27-12-2023,640.75,649.450012,639,648.549988,648.549988,14417646
28-12-2023,650.25,653.299988,646.5,651.400024,651.400024,16982092
29-12-2023,645.5,649.599976,639.549988,642.049988,642.049988,13221898
01-01-2024,642.200012,646.900024,638,641.349976,641.349976,8295548
02-01-2024,641.349976,648,633.849976,639.450012,639.450012,15164482
03-01-2024,639.349976,648,635.799988,643.450012,643.450012,14571772
04-01-2024,642.5,646.400024,638.650024,642.75,642.75,13883388
05-01-2024,645,651.75,637.75,641.950012,641.950012,15984585
08-01-2024,640,645,625.049988,627,627,14739531
09-01-2024,632,634.349976,624.5,625.400024,625.400024,13400235
10-01-2024,624.799988,625.299988,618.200012,621.75,621.75,12742464
11-01-2024,626,627.150024,618.5,620.200012,620.200012,15533860
12-01-2024,623.799988,636.5,621.099976,633.599976,633.599976,16620797
15-01-2024,638.900024,645.5,636.099976,640.099976,640.099976,16844018
16-01-2024,640,644.900024,633.450012,636.900024,636.900024,15025543
17-01-2024,624,636.799988,623,626,626,30016308
18-01-2024,625.799988,633.450012,619.049988,628.299988,628.299988,14695436
19-01-2024,633,635.5,624.700012,627.75,627.75,11675202
22-01-2024,627.75,627.75,627.75,627.75,627.75,0
23-01-2024,627,634.900024,600.650024,605.099976,605.099976,30954343
24-01-2024,609.950012,622.349976,603.099976,618.299988,618.299988,19221835
25-01-2024,618.5,623.799988,606.25,612.75,612.75,22684904
29-01-2024,619,629.5,615.599976,622.950012,622.950012,19572140
30-01-2024,625.450012,633.5,624.200012,626.75,626.75,16966577
31-01-2024,626.400024,643.200012,622,640.5,640.5,23270745
01-02-2024,642.75,652.950012,633.25,647.650024,647.650024,26587707
02-02-2024,652,660.549988,646.700012,649.650024,649.650024,27471811
05-02-2024,647.099976,654.799988,638.75,642.950012,642.950012,28339525
06-02-2024,644.450012,655,637.700012,650.25,650.25,14079390
07-02-2024,655.049988,677.950012,655,675.25,675.25,41696232
08-02-2024,680.400024,718.900024,678.5,699.549988,699.549988,74222434
09-02-2024,703.650024,728.349976,694.200012,725.25,725.25,43235061
12-02-2024,726,726,704.5,707.900024,707.900024,22873137
13-02-2024,708.549988,718,702.150024,713.450012,713.450012,23351472
14-02-2024,705.549988,748.5,705.549988,743.400024,743.400024,36782182
